accuracy,macro_f1
0.4445945945945946,0.39937641667672513
