accuracy,macro_f1
0.46047008547008544,0.4068444966699663
