feature,Overall
mvpa_eq_min_wk,227.78839362603705
fiber_day1,123.86231966802895
age,103.15454348914324
satfat_day1,54.36258757676912
sleep_hours_avg,53.88217032081882
alcohol_drinks_per_day,38.84051624577936
educSome college/AA,35.88822357736772
kcal_day1,30.286540739475605
pir,29.844667292754675
maritalNever married,16.092069266537578
sexMale,14.758350969911227
educHS or less,1.3482361149991429
maritalWidowed/Divorced/Separated,0
