accuracy,macro_f1
0.46474358974358976,0.40106371786012107
