best_cv_accuracy,test_accuracy,cv_minus_test
0.448631821141192,0.46474358974358976,-0.01611176860239777
