best_cv_accuracy,test_accuracy,cv_minus_test
0.43538120866204855,0.43986486486486487,-0.004483656202816322
