decay,Accuracy,Kappa,AccuracySD,KappaSD
0,0.4335849713826062,0.0928925944403651,0.01741491842898966,0.024663066155759406
1e-4,0.4335849713826062,0.0928925944403651,0.01741491842898966,0.024663066155759406
0.001,0.4335849713826062,0.0928925944403651,0.01741491842898966,0.024663066155759406
0.01,0.4335849713826062,0.0928925944403651,0.01741491842898966,0.024663066155759406
0.1,0.4335849713826062,0.0928925944403651,0.01741491842898966,0.024663066155759406
