best_cv_accuracy,test_accuracy,cv_minus_test
0.4335849713826062,0.44324324324324327,-0.009658271860637058
