accuracy,macro_f1
0.44324324324324327,0.37541788458509096
