decay,Accuracy,Kappa,AccuracySD,KappaSD
0,0.448631821141192,0.11352980587718384,0.020361827217591662,0.03401362107863507
1e-4,0.448631821141192,0.11352980587718384,0.020361827217591662,0.03401362107863507
0.001,0.448631821141192,0.11352980587718384,0.020361827217591662,0.03401362107863507
0.01,0.448631821141192,0.11352980587718384,0.020361827217591662,0.03401362107863507
0.1,0.448631821141192,0.11352980587718384,0.020361827217591662,0.03401362107863507
