accuracy,macro_f1
0.43986486486486487,0.37357882419021743
